<?xml version="1.0" encoding="utf-8"?>
<openerp>
    <data noupdate="1">

    	
        <record id="transfer_account_id" model="account.account.template">
            <field name="code">XXX</field>
            <field name="name">Akun Perantara</field>
            <field name="reconcile" eval='True'/>
            <field name="user_type_id" ref="account.data_account_type_current_assets"/>
        </record>
    	
        <record id="configurable_chart_template_hp" model="account.chart.template">
            <field name="name">CoA Indonesia - Toko HP</field>
            <field name="code_digits">6</field>
            <field name="bank_account_code_prefix">1111001</field>
            <field name="cash_account_code_prefix">1112001</field>
            <field name="transfer_account_id" ref="transfer_account_id"/>
            <field name="currency_id" ref="base.IDR"/>
        </record>
        
        <record id="transfer_account_id" model="account.account.template">
            <field name="chart_template_id" ref="configurable_chart_template_hp"/>
        </record>
        
        <!-- Account Templates-->

		    <record id="chart_HP_a_root" model="account.account.template">
			    <field name="code">0</field>
			    <field name="user_type_id" ref="aa_account.data_account_type_view"/>
			    <field name="name">Toko HP</field>
			    <field name="parent_id" eval="False"/>
				<field name="reconcile" eval="False"/>
			    <field name="chart_template_id" ref="configurable_chart_template_hp"/>
		    </record>
        	        	
        	
        	    
        	
        
		    <record id="chart_HP_1" model="account.account.template">
			    <field name="code">1</field>
			    <field name="parent_id" ref="chart_HP_a_root"/>
			    <field name="user_type_id" ref="aa_account.data_account_type_view"/>
			    <field name="name">Neraca</field>
			    <field name="reconcile" eval="False"/>
			    <field name="chart_template_id" ref="configurable_chart_template_hp"/>
		    </record>
	    
		    <record id="chart_HP_11" model="account.account.template">
			    <field name="code">11</field>
			    <field name="parent_id" ref="chart_HP_1"/>
			    <field name="user_type_id" ref="aa_account.data_account_type_view"/>
			    <field name="name">Aktiva</field>
			    <field name="reconcile" eval="False"/>
			    <field name="chart_template_id" ref="configurable_chart_template_hp"/>
		    </record>
	    
		    <record id="chart_HP_111" model="account.account.template">
			    <field name="code">111</field>
			    <field name="parent_id" ref="chart_HP_11"/>
			    <field name="user_type_id" ref="aa_account.data_account_type_view"/>
			    <field name="name">Aktiva Lancar</field>
			    <field name="reconcile" eval="False"/>
			    <field name="chart_template_id" ref="configurable_chart_template_hp"/>
		    </record>
	    
		    <record id="chart_HP_1111" model="account.account.template">
			    <field name="code">1111</field>
			    <field name="parent_id" ref="chart_HP_111"/>
			    <field name="user_type_id" ref="aa_account.data_account_type_view"/>
			    <field name="name">Kas</field>
			    <field name="reconcile" eval="False"/>
			    <field name="chart_template_id" ref="configurable_chart_template_hp"/>
		    </record>
	    
		    <record id="chart_HP_1111001" model="account.account.template">
			    <field name="code">1111001</field>
			    <field name="parent_id" ref="chart_HP_1111"/>
			    <field name="user_type_id" ref="account.data_account_type_liquidity"/>
			    <field name="name">Kas Pusat</field>
			    <field name="reconcile" eval="False"/>
			    <field name="chart_template_id" ref="configurable_chart_template_hp"/>
		    </record>
	    
		    <record id="chart_HP_1111002" model="account.account.template">
			    <field name="code">1111002</field>
			    <field name="parent_id" ref="chart_HP_1111"/>
			    <field name="user_type_id" ref="account.data_account_type_liquidity"/>
			    <field name="name">Kas Kalimantan</field>
			    <field name="reconcile" eval="False"/>
			    <field name="chart_template_id" ref="configurable_chart_template_hp"/>
		    </record>
	    
		    <record id="chart_HP_1111003" model="account.account.template">
			    <field name="code">1111003</field>
			    <field name="parent_id" ref="chart_HP_1111"/>
			    <field name="user_type_id" ref="account.data_account_type_liquidity"/>
			    <field name="name">Kas Soetomo</field>
			    <field name="reconcile" eval="False"/>
			    <field name="chart_template_id" ref="configurable_chart_template_hp"/>
		    </record>
	    
		    <record id="chart_HP_1112" model="account.account.template">
			    <field name="code">1112</field>
			    <field name="parent_id" ref="chart_HP_111"/>
			    <field name="user_type_id" ref="aa_account.data_account_type_view"/>
			    <field name="name">Bank</field>
			    <field name="reconcile" eval="False"/>
			    <field name="chart_template_id" ref="configurable_chart_template_hp"/>
		    </record>
	    
		    <record id="chart_HP_1112001" model="account.account.template">
			    <field name="code">1112001</field>
			    <field name="parent_id" ref="chart_HP_1112"/>
			    <field name="user_type_id" ref="account.data_account_type_liquidity"/>
			    <field name="name">Bank BCA</field>
			    <field name="reconcile" eval="False"/>
			    <field name="chart_template_id" ref="configurable_chart_template_hp"/>
		    </record>
	    
		    <record id="chart_HP_1112002" model="account.account.template">
			    <field name="code">1112002</field>
			    <field name="parent_id" ref="chart_HP_1112"/>
			    <field name="user_type_id" ref="account.data_account_type_liquidity"/>
			    <field name="name">Bank Permata</field>
			    <field name="reconcile" eval="False"/>
			    <field name="chart_template_id" ref="configurable_chart_template_hp"/>
		    </record>
	    
		    <record id="chart_HP_1113" model="account.account.template">
			    <field name="code">1113</field>
			    <field name="parent_id" ref="chart_HP_111"/>
			    <field name="user_type_id" ref="aa_account.data_account_type_view"/>
			    <field name="name">Piutang</field>
			    <field name="reconcile" eval="False"/>
			    <field name="chart_template_id" ref="configurable_chart_template_hp"/>
		    </record>
	    
		    <record id="chart_HP_1113001" model="account.account.template">
			    <field name="code">1113001</field>
			    <field name="parent_id" ref="chart_HP_1113"/>
			    <field name="user_type_id" ref="account.data_account_type_receivable"/>
			    <field name="name">Piutang Usaha</field>
			    <field name="reconcile" eval="True"/>
			    <field name="chart_template_id" ref="configurable_chart_template_hp"/>
		    </record>
	    
		    <record id="chart_HP_1113002" model="account.account.template">
			    <field name="code">1113002</field>
			    <field name="parent_id" ref="chart_HP_1113"/>
			    <field name="user_type_id" ref="account.data_account_type_receivable"/>
			    <field name="name">Piutang Karyawan</field>
			    <field name="reconcile" eval="True"/>
			    <field name="chart_template_id" ref="configurable_chart_template_hp"/>
		    </record>
	    
		    <record id="chart_HP_1113003" model="account.account.template">
			    <field name="code">1113003</field>
			    <field name="parent_id" ref="chart_HP_1113"/>
			    <field name="user_type_id" ref="account.data_account_type_receivable"/>
			    <field name="name">Piutang Owner</field>
			    <field name="reconcile" eval="True"/>
			    <field name="chart_template_id" ref="configurable_chart_template_hp"/>
		    </record>
	    
		    <record id="chart_HP_1113004" model="account.account.template">
			    <field name="code">1113004</field>
			    <field name="parent_id" ref="chart_HP_1113"/>
			    <field name="user_type_id" ref="account.data_account_type_receivable"/>
			    <field name="name">Piutang lainnya</field>
			    <field name="reconcile" eval="True"/>
			    <field name="chart_template_id" ref="configurable_chart_template_hp"/>
		    </record>
	    
		    <record id="chart_HP_1114" model="account.account.template">
			    <field name="code">1114</field>
			    <field name="parent_id" ref="chart_HP_111"/>
			    <field name="user_type_id" ref="aa_account.data_account_type_view"/>
			    <field name="name">Persediaan</field>
			    <field name="reconcile" eval="False"/>
			    <field name="chart_template_id" ref="configurable_chart_template_hp"/>
		    </record>
	    
		    <record id="chart_HP_1114001" model="account.account.template">
			    <field name="code">1114001</field>
			    <field name="parent_id" ref="chart_HP_1114"/>
			    <field name="user_type_id" ref="account.data_account_type_current_assets"/>
			    <field name="name">Hp Huawei</field>
			    <field name="reconcile" eval="False"/>
			    <field name="chart_template_id" ref="configurable_chart_template_hp"/>
		    </record>
	    
		    <record id="chart_HP_1114002" model="account.account.template">
			    <field name="code">1114002</field>
			    <field name="parent_id" ref="chart_HP_1114"/>
			    <field name="user_type_id" ref="account.data_account_type_current_assets"/>
			    <field name="name">Hp Oppo</field>
			    <field name="reconcile" eval="False"/>
			    <field name="chart_template_id" ref="configurable_chart_template_hp"/>
		    </record>
	    
		    <record id="chart_HP_1114003" model="account.account.template">
			    <field name="code">1114003</field>
			    <field name="parent_id" ref="chart_HP_1114"/>
			    <field name="user_type_id" ref="account.data_account_type_current_assets"/>
			    <field name="name">Hp Samsung</field>
			    <field name="reconcile" eval="False"/>
			    <field name="chart_template_id" ref="configurable_chart_template_hp"/>
		    </record>
	    
		    <record id="chart_HP_1114004" model="account.account.template">
			    <field name="code">1114004</field>
			    <field name="parent_id" ref="chart_HP_1114"/>
			    <field name="user_type_id" ref="account.data_account_type_current_assets"/>
			    <field name="name">Hp Lenovo</field>
			    <field name="reconcile" eval="False"/>
			    <field name="chart_template_id" ref="configurable_chart_template_hp"/>
		    </record>
	    
		    <record id="chart_HP_1114005" model="account.account.template">
			    <field name="code">1114005</field>
			    <field name="parent_id" ref="chart_HP_1114"/>
			    <field name="user_type_id" ref="account.data_account_type_current_assets"/>
			    <field name="name">Hp Coolpad</field>
			    <field name="reconcile" eval="False"/>
			    <field name="chart_template_id" ref="configurable_chart_template_hp"/>
		    </record>
	    
		    <record id="chart_HP_1114006" model="account.account.template">
			    <field name="code">1114006</field>
			    <field name="parent_id" ref="chart_HP_1114"/>
			    <field name="user_type_id" ref="account.data_account_type_current_assets"/>
			    <field name="name">Hp Sony</field>
			    <field name="reconcile" eval="False"/>
			    <field name="chart_template_id" ref="configurable_chart_template_hp"/>
		    </record>
	    
		    <record id="chart_HP_1114007" model="account.account.template">
			    <field name="code">1114007</field>
			    <field name="parent_id" ref="chart_HP_1114"/>
			    <field name="user_type_id" ref="account.data_account_type_current_assets"/>
			    <field name="name">Hp Xiomi</field>
			    <field name="reconcile" eval="False"/>
			    <field name="chart_template_id" ref="configurable_chart_template_hp"/>
		    </record>
	    
		    <record id="chart_HP_1114008" model="account.account.template">
			    <field name="code">1114008</field>
			    <field name="parent_id" ref="chart_HP_1114"/>
			    <field name="user_type_id" ref="account.data_account_type_current_assets"/>
			    <field name="name">Hp Asus</field>
			    <field name="reconcile" eval="False"/>
			    <field name="chart_template_id" ref="configurable_chart_template_hp"/>
		    </record>
	    
		    <record id="chart_HP_1114009" model="account.account.template">
			    <field name="code">1114009</field>
			    <field name="parent_id" ref="chart_HP_1114"/>
			    <field name="user_type_id" ref="account.data_account_type_current_assets"/>
			    <field name="name">Accesories</field>
			    <field name="reconcile" eval="False"/>
			    <field name="chart_template_id" ref="configurable_chart_template_hp"/>
		    </record>
	    
		    <record id="chart_HP_1114010" model="account.account.template">
			    <field name="code">1114010</field>
			    <field name="parent_id" ref="chart_HP_1114"/>
			    <field name="user_type_id" ref="account.data_account_type_current_assets"/>
			    <field name="name">Simcard</field>
			    <field name="reconcile" eval="False"/>
			    <field name="chart_template_id" ref="configurable_chart_template_hp"/>
		    </record>
	    
		    <record id="chart_HP_1115" model="account.account.template">
			    <field name="code">1115</field>
			    <field name="parent_id" ref="chart_HP_111"/>
			    <field name="user_type_id" ref="aa_account.data_account_type_view"/>
			    <field name="name">Biaya Dibayar Dimuka</field>
			    <field name="reconcile" eval="False"/>
			    <field name="chart_template_id" ref="configurable_chart_template_hp"/>
		    </record>
	    
		    <record id="chart_HP_1115001" model="account.account.template">
			    <field name="code">1115001</field>
			    <field name="parent_id" ref="chart_HP_1115"/>
			    <field name="user_type_id" ref="account.data_account_type_non_current_assets"/>
			    <field name="name">Sewa Bangunan</field>
			    <field name="reconcile" eval="False"/>
			    <field name="chart_template_id" ref="configurable_chart_template_hp"/>
		    </record>
	    
		    <record id="chart_HP_1115002" model="account.account.template">
			    <field name="code">1115002</field>
			    <field name="parent_id" ref="chart_HP_1115"/>
			    <field name="user_type_id" ref="account.data_account_type_non_current_assets"/>
			    <field name="name">Asuransi Dibayar Dimuka</field>
			    <field name="reconcile" eval="False"/>
			    <field name="chart_template_id" ref="configurable_chart_template_hp"/>
		    </record>
	    
		    <record id="chart_HP_1115003" model="account.account.template">
			    <field name="code">1115003</field>
			    <field name="parent_id" ref="chart_HP_1115"/>
			    <field name="user_type_id" ref="account.data_account_type_non_current_assets"/>
			    <field name="name">Beban Iklan Dibayar Dimuka</field>
			    <field name="reconcile" eval="False"/>
			    <field name="chart_template_id" ref="configurable_chart_template_hp"/>
		    </record>
	    
		    <record id="chart_HP_1115004" model="account.account.template">
			    <field name="code">1115004</field>
			    <field name="parent_id" ref="chart_HP_1115"/>
			    <field name="user_type_id" ref="account.data_account_type_non_current_assets"/>
			    <field name="name">Uang Muka Pembelian</field>
			    <field name="reconcile" eval="False"/>
			    <field name="chart_template_id" ref="configurable_chart_template_hp"/>
		    </record>
	    
		    <record id="chart_HP_1116" model="account.account.template">
			    <field name="code">1116</field>
			    <field name="parent_id" ref="chart_HP_111"/>
			    <field name="user_type_id" ref="aa_account.data_account_type_view"/>
			    <field name="name">Pajak Dibayar Dimuka</field>
			    <field name="reconcile" eval="False"/>
			    <field name="chart_template_id" ref="configurable_chart_template_hp"/>
		    </record>
	    
		    <record id="chart_HP_1116001" model="account.account.template">
			    <field name="code">1116001</field>
			    <field name="parent_id" ref="chart_HP_1116"/>
			    <field name="user_type_id" ref="account.data_account_type_non_current_assets"/>
			    <field name="name">Pajak Dibayar Dimuka PPH 22</field>
			    <field name="reconcile" eval="False"/>
			    <field name="chart_template_id" ref="configurable_chart_template_hp"/>
		    </record>
	    
		    <record id="chart_HP_1116002" model="account.account.template">
			    <field name="code">1116002</field>
			    <field name="parent_id" ref="chart_HP_1116"/>
			    <field name="user_type_id" ref="account.data_account_type_non_current_assets"/>
			    <field name="name">Pajak Dibayar Dimuka PPH 23</field>
			    <field name="reconcile" eval="False"/>
			    <field name="chart_template_id" ref="configurable_chart_template_hp"/>
		    </record>
	    
		    <record id="chart_HP_1116003" model="account.account.template">
			    <field name="code">1116003</field>
			    <field name="parent_id" ref="chart_HP_1116"/>
			    <field name="user_type_id" ref="account.data_account_type_non_current_assets"/>
			    <field name="name">Pajak Dibayar Dimuka PPH 25</field>
			    <field name="reconcile" eval="False"/>
			    <field name="chart_template_id" ref="configurable_chart_template_hp"/>
		    </record>
	    
		    <record id="chart_HP_112" model="account.account.template">
			    <field name="code">112</field>
			    <field name="parent_id" ref="chart_HP_11"/>
			    <field name="user_type_id" ref="aa_account.data_account_type_view"/>
			    <field name="name">Aktiva Tidak Lancar</field>
			    <field name="reconcile" eval="False"/>
			    <field name="chart_template_id" ref="configurable_chart_template_hp"/>
		    </record>
	    
		    <record id="chart_HP_1121" model="account.account.template">
			    <field name="code">1121</field>
			    <field name="parent_id" ref="chart_HP_112"/>
			    <field name="user_type_id" ref="aa_account.data_account_type_view"/>
			    <field name="name">Aktiva Tetap</field>
			    <field name="reconcile" eval="False"/>
			    <field name="chart_template_id" ref="configurable_chart_template_hp"/>
		    </record>
	    
		    <record id="chart_HP_1121001" model="account.account.template">
			    <field name="code">1121001</field>
			    <field name="parent_id" ref="chart_HP_1121"/>
			    <field name="user_type_id" ref="account.data_account_type_current_assets"/>
			    <field name="name">Tanah</field>
			    <field name="reconcile" eval="False"/>
			    <field name="chart_template_id" ref="configurable_chart_template_hp"/>
		    </record>
	    
		    <record id="chart_HP_1121002" model="account.account.template">
			    <field name="code">1121002</field>
			    <field name="parent_id" ref="chart_HP_1121"/>
			    <field name="user_type_id" ref="account.data_account_type_current_assets"/>
			    <field name="name">Bangunan</field>
			    <field name="reconcile" eval="False"/>
			    <field name="chart_template_id" ref="configurable_chart_template_hp"/>
		    </record>
	    
		    <record id="chart_HP_1121003" model="account.account.template">
			    <field name="code">1121003</field>
			    <field name="parent_id" ref="chart_HP_1121"/>
			    <field name="user_type_id" ref="account.data_account_type_current_assets"/>
			    <field name="name">Kendaraan</field>
			    <field name="reconcile" eval="False"/>
			    <field name="chart_template_id" ref="configurable_chart_template_hp"/>
		    </record>
	    
		    <record id="chart_HP_1121004" model="account.account.template">
			    <field name="code">1121004</field>
			    <field name="parent_id" ref="chart_HP_1121"/>
			    <field name="user_type_id" ref="account.data_account_type_current_assets"/>
			    <field name="name">Inventaris Toko</field>
			    <field name="reconcile" eval="False"/>
			    <field name="chart_template_id" ref="configurable_chart_template_hp"/>
		    </record>
	    
		    <record id="chart_HP_1121005" model="account.account.template">
			    <field name="code">1121005</field>
			    <field name="parent_id" ref="chart_HP_1121"/>
			    <field name="user_type_id" ref="account.data_account_type_current_assets"/>
			    <field name="name">Inventaris Kantor</field>
			    <field name="reconcile" eval="False"/>
			    <field name="chart_template_id" ref="configurable_chart_template_hp"/>
		    </record>
	    
		    <record id="chart_HP_1122" model="account.account.template">
			    <field name="code">1122</field>
			    <field name="parent_id" ref="chart_HP_112"/>
			    <field name="user_type_id" ref="aa_account.data_account_type_view"/>
			    <field name="name">Akm Peny Aktiva Tetap</field>
			    <field name="reconcile" eval="False"/>
			    <field name="chart_template_id" ref="configurable_chart_template_hp"/>
		    </record>
	    
		    <record id="chart_HP_1122001" model="account.account.template">
			    <field name="code">1122001</field>
			    <field name="parent_id" ref="chart_HP_1122"/>
			    <field name="user_type_id" ref="account.data_account_type_non_current_assets"/>
			    <field name="name">Akum Peny Bangunan</field>
			    <field name="reconcile" eval="False"/>
			    <field name="chart_template_id" ref="configurable_chart_template_hp"/>
		    </record>
	    
		    <record id="chart_HP_1122002" model="account.account.template">
			    <field name="code">1122002</field>
			    <field name="parent_id" ref="chart_HP_1122"/>
			    <field name="user_type_id" ref="account.data_account_type_non_current_assets"/>
			    <field name="name">Akum Peny Kendaraan</field>
			    <field name="reconcile" eval="False"/>
			    <field name="chart_template_id" ref="configurable_chart_template_hp"/>
		    </record>
	    
		    <record id="chart_HP_1122003" model="account.account.template">
			    <field name="code">1122003</field>
			    <field name="parent_id" ref="chart_HP_1122"/>
			    <field name="user_type_id" ref="account.data_account_type_non_current_assets"/>
			    <field name="name">Akum Peny Inventaris Toko</field>
			    <field name="reconcile" eval="False"/>
			    <field name="chart_template_id" ref="configurable_chart_template_hp"/>
		    </record>
	    
		    <record id="chart_HP_1122004" model="account.account.template">
			    <field name="code">1122004</field>
			    <field name="parent_id" ref="chart_HP_1122"/>
			    <field name="user_type_id" ref="account.data_account_type_non_current_assets"/>
			    <field name="name">Akum Peny Inventaris Kantor</field>
			    <field name="reconcile" eval="False"/>
			    <field name="chart_template_id" ref="configurable_chart_template_hp"/>
		    </record>
	    
		    <record id="chart_HP_12" model="account.account.template">
			    <field name="code">12</field>
			    <field name="parent_id" ref="chart_HP_1"/>
			    <field name="user_type_id" ref="aa_account.data_account_type_view"/>
			    <field name="name">Hutang</field>
			    <field name="reconcile" eval="False"/>
			    <field name="chart_template_id" ref="configurable_chart_template_hp"/>
		    </record>
	    
		    <record id="chart_HP_121" model="account.account.template">
			    <field name="code">121</field>
			    <field name="parent_id" ref="chart_HP_12"/>
			    <field name="user_type_id" ref="aa_account.data_account_type_view"/>
			    <field name="name">Hutang Jangka Pendek</field>
			    <field name="reconcile" eval="False"/>
			    <field name="chart_template_id" ref="configurable_chart_template_hp"/>
		    </record>
	    
		    <record id="chart_HP_121001" model="account.account.template">
			    <field name="code">121001</field>
			    <field name="parent_id" ref="chart_HP_121"/>
			    <field name="user_type_id" ref="account.data_account_type_payable"/>
			    <field name="name">Hutang Usaha</field>
			    <field name="reconcile" eval="True"/>
			    <field name="chart_template_id" ref="configurable_chart_template_hp"/>
		    </record>
	    
		    <record id="chart_HP_121002" model="account.account.template">
			    <field name="code">121002</field>
			    <field name="parent_id" ref="chart_HP_121"/>
			    <field name="user_type_id" ref="account.data_account_type_payable"/>
			    <field name="name">Hutang Lain Lain</field>
			    <field name="reconcile" eval="True"/>
			    <field name="chart_template_id" ref="configurable_chart_template_hp"/>
		    </record>
	    
		    <record id="chart_HP_122" model="account.account.template">
			    <field name="code">122</field>
			    <field name="parent_id" ref="chart_HP_12"/>
			    <field name="user_type_id" ref="aa_account.data_account_type_view"/>
			    <field name="name">Hutang Pajak</field>
			    <field name="reconcile" eval="False"/>
			    <field name="chart_template_id" ref="configurable_chart_template_hp"/>
		    </record>
	    
		    <record id="chart_HP_122001" model="account.account.template">
			    <field name="code">122001</field>
			    <field name="parent_id" ref="chart_HP_122"/>
			    <field name="user_type_id" ref="account.data_account_type_current_liabilities"/>
			    <field name="name">Hutang Pajak PPh 21</field>
			    <field name="reconcile" eval="False"/>
			    <field name="chart_template_id" ref="configurable_chart_template_hp"/>
		    </record>
	    
		    <record id="chart_HP_122002" model="account.account.template">
			    <field name="code">122002</field>
			    <field name="parent_id" ref="chart_HP_122"/>
			    <field name="user_type_id" ref="account.data_account_type_current_liabilities"/>
			    <field name="name">Hutang Pajak PPh 22</field>
			    <field name="reconcile" eval="False"/>
			    <field name="chart_template_id" ref="configurable_chart_template_hp"/>
		    </record>
	    
		    <record id="chart_HP_122003" model="account.account.template">
			    <field name="code">122003</field>
			    <field name="parent_id" ref="chart_HP_122"/>
			    <field name="user_type_id" ref="account.data_account_type_current_liabilities"/>
			    <field name="name">Hutang Pajak PPh 23</field>
			    <field name="reconcile" eval="False"/>
			    <field name="chart_template_id" ref="configurable_chart_template_hp"/>
		    </record>
	    
		    <record id="chart_HP_122004" model="account.account.template">
			    <field name="code">122004</field>
			    <field name="parent_id" ref="chart_HP_122"/>
			    <field name="user_type_id" ref="account.data_account_type_current_liabilities"/>
			    <field name="name">Hutang Pajak PPh 25</field>
			    <field name="reconcile" eval="False"/>
			    <field name="chart_template_id" ref="configurable_chart_template_hp"/>
		    </record>
	    
		    <record id="chart_HP_122005" model="account.account.template">
			    <field name="code">122005</field>
			    <field name="parent_id" ref="chart_HP_122"/>
			    <field name="user_type_id" ref="account.data_account_type_current_liabilities"/>
			    <field name="name">Hutang Pajak PPh 29</field>
			    <field name="reconcile" eval="False"/>
			    <field name="chart_template_id" ref="configurable_chart_template_hp"/>
		    </record>
	    
		    <record id="chart_HP_123" model="account.account.template">
			    <field name="code">123</field>
			    <field name="parent_id" ref="chart_HP_12"/>
			    <field name="user_type_id" ref="aa_account.data_account_type_view"/>
			    <field name="name">Hutang PPN</field>
			    <field name="reconcile" eval="False"/>
			    <field name="chart_template_id" ref="configurable_chart_template_hp"/>
		    </record>
	    
		    <record id="chart_HP_123001" model="account.account.template">
			    <field name="code">123001</field>
			    <field name="parent_id" ref="chart_HP_123"/>
			    <field name="user_type_id" ref="account.data_account_type_current_assets"/>
			    <field name="name">PPN Keluaran</field>
			    <field name="reconcile" eval="False"/>
			    <field name="chart_template_id" ref="configurable_chart_template_hp"/>
		    </record>
	    
		    <record id="chart_HP_123002" model="account.account.template">
			    <field name="code">123002</field>
			    <field name="parent_id" ref="chart_HP_123"/>
			    <field name="user_type_id" ref="account.data_account_type_current_assets"/>
			    <field name="name">PPN Masukan</field>
			    <field name="reconcile" eval="False"/>
			    <field name="chart_template_id" ref="configurable_chart_template_hp"/>
		    </record>
	    
		    <record id="chart_HP_124" model="account.account.template">
			    <field name="code">124</field>
			    <field name="parent_id" ref="chart_HP_12"/>
			    <field name="user_type_id" ref="aa_account.data_account_type_view"/>
			    <field name="name">Hutang Jangka Panjang</field>
			    <field name="reconcile" eval="False"/>
			    <field name="chart_template_id" ref="configurable_chart_template_hp"/>
		    </record>
	    
		    <record id="chart_HP_124001" model="account.account.template">
			    <field name="code">124001</field>
			    <field name="parent_id" ref="chart_HP_124"/>
			    <field name="user_type_id" ref="account.data_account_type_current_liabilities"/>
			    <field name="name">Hutang Bank</field>
			    <field name="reconcile" eval="False"/>
			    <field name="chart_template_id" ref="configurable_chart_template_hp"/>
		    </record>
	    
		    <record id="chart_HP_124002" model="account.account.template">
			    <field name="code">124002</field>
			    <field name="parent_id" ref="chart_HP_124"/>
			    <field name="user_type_id" ref="account.data_account_type_current_liabilities"/>
			    <field name="name">Hutang Leasing</field>
			    <field name="reconcile" eval="False"/>
			    <field name="chart_template_id" ref="configurable_chart_template_hp"/>
		    </record>
	    
		    <record id="chart_HP_124003" model="account.account.template">
			    <field name="code">124003</field>
			    <field name="parent_id" ref="chart_HP_124"/>
			    <field name="user_type_id" ref="account.data_account_type_current_liabilities"/>
			    <field name="name">Hutang Lain Lain</field>
			    <field name="reconcile" eval="False"/>
			    <field name="chart_template_id" ref="configurable_chart_template_hp"/>
		    </record>
	    
		    <record id="chart_HP_125" model="account.account.template">
			    <field name="code">125</field>
			    <field name="parent_id" ref="chart_HP_12"/>
			    <field name="user_type_id" ref="aa_account.data_account_type_view"/>
			    <field name="name">Hutang Biaya Utilitas</field>
			    <field name="reconcile" eval="False"/>
			    <field name="chart_template_id" ref="configurable_chart_template_hp"/>
		    </record>
	    
		    <record id="chart_HP_125001" model="account.account.template">
			    <field name="code">125001</field>
			    <field name="parent_id" ref="chart_HP_125"/>
			    <field name="user_type_id" ref="account.data_account_type_payable"/>
			    <field name="name">Hutang Listrik</field>
			    <field name="reconcile" eval="True"/>
			    <field name="chart_template_id" ref="configurable_chart_template_hp"/>
		    </record>
	    
		    <record id="chart_HP_125002" model="account.account.template">
			    <field name="code">125002</field>
			    <field name="parent_id" ref="chart_HP_125"/>
			    <field name="user_type_id" ref="account.data_account_type_payable"/>
			    <field name="name">Hutang  Air</field>
			    <field name="reconcile" eval="True"/>
			    <field name="chart_template_id" ref="configurable_chart_template_hp"/>
		    </record>
	    
		    <record id="chart_HP_125003" model="account.account.template">
			    <field name="code">125003</field>
			    <field name="parent_id" ref="chart_HP_125"/>
			    <field name="user_type_id" ref="account.data_account_type_payable"/>
			    <field name="name">Hutang Telepon</field>
			    <field name="reconcile" eval="True"/>
			    <field name="chart_template_id" ref="configurable_chart_template_hp"/>
		    </record>
	    
		    <record id="chart_HP_125004" model="account.account.template">
			    <field name="code">125004</field>
			    <field name="parent_id" ref="chart_HP_125"/>
			    <field name="user_type_id" ref="account.data_account_type_payable"/>
			    <field name="name">Hutang Internet</field>
			    <field name="reconcile" eval="True"/>
			    <field name="chart_template_id" ref="configurable_chart_template_hp"/>
		    </record>
	    
		    <record id="chart_HP_125005" model="account.account.template">
			    <field name="code">125005</field>
			    <field name="parent_id" ref="chart_HP_125"/>
			    <field name="user_type_id" ref="account.data_account_type_payable"/>
			    <field name="name">Hutang Service Charge</field>
			    <field name="reconcile" eval="True"/>
			    <field name="chart_template_id" ref="configurable_chart_template_hp"/>
		    </record>
	    
		    <record id="chart_HP_13" model="account.account.template">
			    <field name="code">13</field>
			    <field name="parent_id" ref="chart_HP_1"/>
			    <field name="user_type_id" ref="aa_account.data_account_type_view"/>
			    <field name="name">Modal</field>
			    <field name="reconcile" eval="False"/>
			    <field name="chart_template_id" ref="configurable_chart_template_hp"/>
		    </record>
	    
		    <record id="chart_HP_13001" model="account.account.template">
			    <field name="code">13001</field>
			    <field name="parent_id" ref="chart_HP_13"/>
			    <field name="user_type_id" ref="account.data_account_type_equity"/>
			    <field name="name">Modal Disetor</field>
			    <field name="reconcile" eval="False"/>
			    <field name="chart_template_id" ref="configurable_chart_template_hp"/>
		    </record>
	    
		    <record id="chart_HP_13002" model="account.account.template">
			    <field name="code">13002</field>
			    <field name="parent_id" ref="chart_HP_13"/>
			    <field name="user_type_id" ref="account.data_account_type_equity"/>
			    <field name="name">Laba Ditahan</field>
			    <field name="reconcile" eval="False"/>
			    <field name="chart_template_id" ref="configurable_chart_template_hp"/>
		    </record>
	    
		    <record id="chart_HP_13003" model="account.account.template">
			    <field name="code">13003</field>
			    <field name="parent_id" ref="chart_HP_13"/>
			    <field name="user_type_id" ref="account.data_account_type_equity"/>
			    <field name="name">Laba Periode Berjalan</field>
			    <field name="reconcile" eval="False"/>
			    <field name="chart_template_id" ref="configurable_chart_template_hp"/>
		    </record>
	    
		    <record id="chart_HP_2" model="account.account.template">
			    <field name="code">2</field>
			    <field name="parent_id" ref="chart_HP_a_root"/>
			    <field name="user_type_id" ref="aa_account.data_account_type_view"/>
			    <field name="name">Laba Rugi</field>
			    <field name="reconcile" eval="False"/>
			    <field name="chart_template_id" ref="configurable_chart_template_hp"/>
		    </record>
	    
		    <record id="chart_HP_21" model="account.account.template">
			    <field name="code">21</field>
			    <field name="parent_id" ref="chart_HP_2"/>
			    <field name="user_type_id" ref="aa_account.data_account_type_view"/>
			    <field name="name">Pendapatan</field>
			    <field name="reconcile" eval="False"/>
			    <field name="chart_template_id" ref="configurable_chart_template_hp"/>
		    </record>
	    
		    <record id="chart_HP_21001" model="account.account.template">
			    <field name="code">21001</field>
			    <field name="parent_id" ref="chart_HP_21"/>
			    <field name="user_type_id" ref="account.data_account_type_revenue"/>
			    <field name="name">Penjualan Hp</field>
			    <field name="reconcile" eval="False"/>
			    <field name="chart_template_id" ref="configurable_chart_template_hp"/>
		    </record>
	    
		    <record id="chart_HP_21002" model="account.account.template">
			    <field name="code">21002</field>
			    <field name="parent_id" ref="chart_HP_21"/>
			    <field name="user_type_id" ref="account.data_account_type_revenue"/>
			    <field name="name">Penjualan Accesories</field>
			    <field name="reconcile" eval="False"/>
			    <field name="chart_template_id" ref="configurable_chart_template_hp"/>
		    </record>
	    
		    <record id="chart_HP_21003" model="account.account.template">
			    <field name="code">21003</field>
			    <field name="parent_id" ref="chart_HP_21"/>
			    <field name="user_type_id" ref="account.data_account_type_revenue"/>
			    <field name="name">Penjualan Simcard</field>
			    <field name="reconcile" eval="False"/>
			    <field name="chart_template_id" ref="configurable_chart_template_hp"/>
		    </record>
	    
		    <record id="chart_HP_22" model="account.account.template">
			    <field name="code">22</field>
			    <field name="parent_id" ref="chart_HP_2"/>
			    <field name="user_type_id" ref="aa_account.data_account_type_view"/>
			    <field name="name">HPP</field>
			    <field name="reconcile" eval="False"/>
			    <field name="chart_template_id" ref="configurable_chart_template_hp"/>
		    </record>
	    
		    <record id="chart_HP_22001" model="account.account.template">
			    <field name="code">22001</field>
			    <field name="parent_id" ref="chart_HP_22"/>
			    <field name="user_type_id" ref="account.data_account_type_expenses"/>
			    <field name="name">Hpp Hp Huawei</field>
			    <field name="reconcile" eval="False"/>
			    <field name="chart_template_id" ref="configurable_chart_template_hp"/>
		    </record>
	    
		    <record id="chart_HP_22002" model="account.account.template">
			    <field name="code">22002</field>
			    <field name="parent_id" ref="chart_HP_22"/>
			    <field name="user_type_id" ref="account.data_account_type_expenses"/>
			    <field name="name">Hpp Hp Oppo</field>
			    <field name="reconcile" eval="False"/>
			    <field name="chart_template_id" ref="configurable_chart_template_hp"/>
		    </record>
	    
		    <record id="chart_HP_22003" model="account.account.template">
			    <field name="code">22003</field>
			    <field name="parent_id" ref="chart_HP_22"/>
			    <field name="user_type_id" ref="account.data_account_type_expenses"/>
			    <field name="name">Hpp Hp Samsung</field>
			    <field name="reconcile" eval="False"/>
			    <field name="chart_template_id" ref="configurable_chart_template_hp"/>
		    </record>
	    
		    <record id="chart_HP_22004" model="account.account.template">
			    <field name="code">22004</field>
			    <field name="parent_id" ref="chart_HP_22"/>
			    <field name="user_type_id" ref="account.data_account_type_expenses"/>
			    <field name="name">Hpp Hp Lenovo</field>
			    <field name="reconcile" eval="False"/>
			    <field name="chart_template_id" ref="configurable_chart_template_hp"/>
		    </record>
	    
		    <record id="chart_HP_22005" model="account.account.template">
			    <field name="code">22005</field>
			    <field name="parent_id" ref="chart_HP_22"/>
			    <field name="user_type_id" ref="account.data_account_type_expenses"/>
			    <field name="name">Hpp Hp Coolpad</field>
			    <field name="reconcile" eval="False"/>
			    <field name="chart_template_id" ref="configurable_chart_template_hp"/>
		    </record>
	    
		    <record id="chart_HP_22006" model="account.account.template">
			    <field name="code">22006</field>
			    <field name="parent_id" ref="chart_HP_22"/>
			    <field name="user_type_id" ref="account.data_account_type_expenses"/>
			    <field name="name">Hpp Hp Sony</field>
			    <field name="reconcile" eval="False"/>
			    <field name="chart_template_id" ref="configurable_chart_template_hp"/>
		    </record>
	    
		    <record id="chart_HP_22007" model="account.account.template">
			    <field name="code">22007</field>
			    <field name="parent_id" ref="chart_HP_22"/>
			    <field name="user_type_id" ref="account.data_account_type_expenses"/>
			    <field name="name">Hpp Hp Xiomi</field>
			    <field name="reconcile" eval="False"/>
			    <field name="chart_template_id" ref="configurable_chart_template_hp"/>
		    </record>
	    
		    <record id="chart_HP_22008" model="account.account.template">
			    <field name="code">22008</field>
			    <field name="parent_id" ref="chart_HP_22"/>
			    <field name="user_type_id" ref="account.data_account_type_expenses"/>
			    <field name="name">Hpp Hp Asus</field>
			    <field name="reconcile" eval="False"/>
			    <field name="chart_template_id" ref="configurable_chart_template_hp"/>
		    </record>
	    
		    <record id="chart_HP_22009" model="account.account.template">
			    <field name="code">22009</field>
			    <field name="parent_id" ref="chart_HP_22"/>
			    <field name="user_type_id" ref="account.data_account_type_expenses"/>
			    <field name="name">Hpp Accesories</field>
			    <field name="reconcile" eval="False"/>
			    <field name="chart_template_id" ref="configurable_chart_template_hp"/>
		    </record>
	    
		    <record id="chart_HP_22010" model="account.account.template">
			    <field name="code">22010</field>
			    <field name="parent_id" ref="chart_HP_22"/>
			    <field name="user_type_id" ref="account.data_account_type_expenses"/>
			    <field name="name">Hpp Simcard</field>
			    <field name="reconcile" eval="False"/>
			    <field name="chart_template_id" ref="configurable_chart_template_hp"/>
		    </record>
	    
		    <record id="chart_HP_23" model="account.account.template">
			    <field name="code">23</field>
			    <field name="parent_id" ref="chart_HP_2"/>
			    <field name="user_type_id" ref="aa_account.data_account_type_view"/>
			    <field name="name">Beban Usaha</field>
			    <field name="reconcile" eval="False"/>
			    <field name="chart_template_id" ref="configurable_chart_template_hp"/>
		    </record>
	    
		    <record id="chart_HP_23001" model="account.account.template">
			    <field name="code">23001</field>
			    <field name="parent_id" ref="chart_HP_23"/>
			    <field name="user_type_id" ref="account.data_account_type_expenses"/>
			    <field name="name">Beban Pemasaran</field>
			    <field name="reconcile" eval="False"/>
			    <field name="chart_template_id" ref="configurable_chart_template_hp"/>
		    </record>
	    
		    <record id="chart_HP_23002" model="account.account.template">
			    <field name="code">23002</field>
			    <field name="parent_id" ref="chart_HP_23"/>
			    <field name="user_type_id" ref="account.data_account_type_expenses"/>
			    <field name="name">Beban Promosi</field>
			    <field name="reconcile" eval="False"/>
			    <field name="chart_template_id" ref="configurable_chart_template_hp"/>
		    </record>
	    
		    <record id="chart_HP_23003" model="account.account.template">
			    <field name="code">23003</field>
			    <field name="parent_id" ref="chart_HP_23"/>
			    <field name="user_type_id" ref="account.data_account_type_expenses"/>
			    <field name="name">Beban Pajak Promosi</field>
			    <field name="reconcile" eval="False"/>
			    <field name="chart_template_id" ref="configurable_chart_template_hp"/>
		    </record>
	    
		    <record id="chart_HP_23004" model="account.account.template">
			    <field name="code">23004</field>
			    <field name="parent_id" ref="chart_HP_23"/>
			    <field name="user_type_id" ref="account.data_account_type_expenses"/>
			    <field name="name">Beban Entertainment</field>
			    <field name="reconcile" eval="False"/>
			    <field name="chart_template_id" ref="configurable_chart_template_hp"/>
		    </record>
	    
		    <record id="chart_HP_23005" model="account.account.template">
			    <field name="code">23005</field>
			    <field name="parent_id" ref="chart_HP_23"/>
			    <field name="user_type_id" ref="account.data_account_type_expenses"/>
			    <field name="name">Beban Costomer Service</field>
			    <field name="reconcile" eval="False"/>
			    <field name="chart_template_id" ref="configurable_chart_template_hp"/>
		    </record>
	    
		    <record id="chart_HP_23006" model="account.account.template">
			    <field name="code">23006</field>
			    <field name="parent_id" ref="chart_HP_23"/>
			    <field name="user_type_id" ref="account.data_account_type_expenses"/>
			    <field name="name">Beban Adm Dan Umum</field>
			    <field name="reconcile" eval="False"/>
			    <field name="chart_template_id" ref="configurable_chart_template_hp"/>
		    </record>
	    
		    <record id="chart_HP_23007" model="account.account.template">
			    <field name="code">23007</field>
			    <field name="parent_id" ref="chart_HP_23"/>
			    <field name="user_type_id" ref="account.data_account_type_expenses"/>
			    <field name="name">Beban Gaji</field>
			    <field name="reconcile" eval="False"/>
			    <field name="chart_template_id" ref="configurable_chart_template_hp"/>
		    </record>
	    
		    <record id="chart_HP_23008" model="account.account.template">
			    <field name="code">23008</field>
			    <field name="parent_id" ref="chart_HP_23"/>
			    <field name="user_type_id" ref="account.data_account_type_expenses"/>
			    <field name="name">Beban Tunjangan Dan Bonus</field>
			    <field name="reconcile" eval="False"/>
			    <field name="chart_template_id" ref="configurable_chart_template_hp"/>
		    </record>
	    
		    <record id="chart_HP_23009" model="account.account.template">
			    <field name="code">23009</field>
			    <field name="parent_id" ref="chart_HP_23"/>
			    <field name="user_type_id" ref="account.data_account_type_expenses"/>
			    <field name="name">Beban Atk. Fotokopi. Cetakan</field>
			    <field name="reconcile" eval="False"/>
			    <field name="chart_template_id" ref="configurable_chart_template_hp"/>
		    </record>
	    
		    <record id="chart_HP_23010" model="account.account.template">
			    <field name="code">23010</field>
			    <field name="parent_id" ref="chart_HP_23"/>
			    <field name="user_type_id" ref="account.data_account_type_expenses"/>
			    <field name="name">Beban Listrik</field>
			    <field name="reconcile" eval="False"/>
			    <field name="chart_template_id" ref="configurable_chart_template_hp"/>
		    </record>
	    
		    <record id="chart_HP_23011" model="account.account.template">
			    <field name="code">23011</field>
			    <field name="parent_id" ref="chart_HP_23"/>
			    <field name="user_type_id" ref="account.data_account_type_expenses"/>
			    <field name="name">Beban Air</field>
			    <field name="reconcile" eval="False"/>
			    <field name="chart_template_id" ref="configurable_chart_template_hp"/>
		    </record>
	    
		    <record id="chart_HP_23012" model="account.account.template">
			    <field name="code">23012</field>
			    <field name="parent_id" ref="chart_HP_23"/>
			    <field name="user_type_id" ref="account.data_account_type_expenses"/>
			    <field name="name">Beban Telp Dan Internet</field>
			    <field name="reconcile" eval="False"/>
			    <field name="chart_template_id" ref="configurable_chart_template_hp"/>
		    </record>
	    
		    <record id="chart_HP_23013" model="account.account.template">
			    <field name="code">23013</field>
			    <field name="parent_id" ref="chart_HP_23"/>
			    <field name="user_type_id" ref="account.data_account_type_expenses"/>
			    <field name="name">Beban Pulsa Hp</field>
			    <field name="reconcile" eval="False"/>
			    <field name="chart_template_id" ref="configurable_chart_template_hp"/>
		    </record>
	    
		    <record id="chart_HP_23014" model="account.account.template">
			    <field name="code">23014</field>
			    <field name="parent_id" ref="chart_HP_23"/>
			    <field name="user_type_id" ref="account.data_account_type_expenses"/>
			    <field name="name">Beban Kantor</field>
			    <field name="reconcile" eval="False"/>
			    <field name="chart_template_id" ref="configurable_chart_template_hp"/>
		    </record>
	    
		    <record id="chart_HP_23015" model="account.account.template">
			    <field name="code">23015</field>
			    <field name="parent_id" ref="chart_HP_23"/>
			    <field name="user_type_id" ref="account.data_account_type_expenses"/>
			    <field name="name">Beban Transport</field>
			    <field name="reconcile" eval="False"/>
			    <field name="chart_template_id" ref="configurable_chart_template_hp"/>
		    </record>
	    
		    <record id="chart_HP_23016" model="account.account.template">
			    <field name="code">23016</field>
			    <field name="parent_id" ref="chart_HP_23"/>
			    <field name="user_type_id" ref="account.data_account_type_expenses"/>
			    <field name="name">Beban Perjalanan Dinas</field>
			    <field name="reconcile" eval="False"/>
			    <field name="chart_template_id" ref="configurable_chart_template_hp"/>
		    </record>
	    
		    <record id="chart_HP_23017" model="account.account.template">
			    <field name="code">23017</field>
			    <field name="parent_id" ref="chart_HP_23"/>
			    <field name="user_type_id" ref="account.data_account_type_expenses"/>
			    <field name="name">Beban Jasa Profesional</field>
			    <field name="reconcile" eval="False"/>
			    <field name="chart_template_id" ref="configurable_chart_template_hp"/>
		    </record>
	    
		    <record id="chart_HP_23018" model="account.account.template">
			    <field name="code">23018</field>
			    <field name="parent_id" ref="chart_HP_23"/>
			    <field name="user_type_id" ref="account.data_account_type_expenses"/>
			    <field name="name">Beban Sumbangan</field>
			    <field name="reconcile" eval="False"/>
			    <field name="chart_template_id" ref="configurable_chart_template_hp"/>
		    </record>
	    
		    <record id="chart_HP_23019" model="account.account.template">
			    <field name="code">23019</field>
			    <field name="parent_id" ref="chart_HP_23"/>
			    <field name="user_type_id" ref="account.data_account_type_expenses"/>
			    <field name="name">Beban Makan Dan Minum</field>
			    <field name="reconcile" eval="False"/>
			    <field name="chart_template_id" ref="configurable_chart_template_hp"/>
		    </record>
	    
		    <record id="chart_HP_23020" model="account.account.template">
			    <field name="code">23020</field>
			    <field name="parent_id" ref="chart_HP_23"/>
			    <field name="user_type_id" ref="account.data_account_type_expenses"/>
			    <field name="name">Beban Pemeliharaan Bangunan</field>
			    <field name="reconcile" eval="False"/>
			    <field name="chart_template_id" ref="configurable_chart_template_hp"/>
		    </record>
	    
		    <record id="chart_HP_23021" model="account.account.template">
			    <field name="code">23021</field>
			    <field name="parent_id" ref="chart_HP_23"/>
			    <field name="user_type_id" ref="account.data_account_type_expenses"/>
			    <field name="name">Beban Pemeliharaan Inv Toko</field>
			    <field name="reconcile" eval="False"/>
			    <field name="chart_template_id" ref="configurable_chart_template_hp"/>
		    </record>
	    
		    <record id="chart_HP_23022" model="account.account.template">
			    <field name="code">23022</field>
			    <field name="parent_id" ref="chart_HP_23"/>
			    <field name="user_type_id" ref="account.data_account_type_expenses"/>
			    <field name="name">Beban Pemeliharaan Inv Kantor</field>
			    <field name="reconcile" eval="False"/>
			    <field name="chart_template_id" ref="configurable_chart_template_hp"/>
		    </record>
	    
		    <record id="chart_HP_23023" model="account.account.template">
			    <field name="code">23023</field>
			    <field name="parent_id" ref="chart_HP_23"/>
			    <field name="user_type_id" ref="account.data_account_type_expenses"/>
			    <field name="name">Beban Pemeliharaan Kendaraan</field>
			    <field name="reconcile" eval="False"/>
			    <field name="chart_template_id" ref="configurable_chart_template_hp"/>
		    </record>
	    
		    <record id="chart_HP_23024" model="account.account.template">
			    <field name="code">23024</field>
			    <field name="parent_id" ref="chart_HP_23"/>
			    <field name="user_type_id" ref="account.data_account_type_expenses"/>
			    <field name="name">Beban Peny Bangunan</field>
			    <field name="reconcile" eval="False"/>
			    <field name="chart_template_id" ref="configurable_chart_template_hp"/>
		    </record>
	    
		    <record id="chart_HP_23025" model="account.account.template">
			    <field name="code">23025</field>
			    <field name="parent_id" ref="chart_HP_23"/>
			    <field name="user_type_id" ref="account.data_account_type_expenses"/>
			    <field name="name">Beban Peny Inv Toko</field>
			    <field name="reconcile" eval="False"/>
			    <field name="chart_template_id" ref="configurable_chart_template_hp"/>
		    </record>
	    
		    <record id="chart_HP_23026" model="account.account.template">
			    <field name="code">23026</field>
			    <field name="parent_id" ref="chart_HP_23"/>
			    <field name="user_type_id" ref="account.data_account_type_expenses"/>
			    <field name="name">Beban Peny Inv Kantor</field>
			    <field name="reconcile" eval="False"/>
			    <field name="chart_template_id" ref="configurable_chart_template_hp"/>
		    </record>
	    
		    <record id="chart_HP_23027" model="account.account.template">
			    <field name="code">23027</field>
			    <field name="parent_id" ref="chart_HP_23"/>
			    <field name="user_type_id" ref="account.data_account_type_expenses"/>
			    <field name="name">Beban Peny Kendaraan</field>
			    <field name="reconcile" eval="False"/>
			    <field name="chart_template_id" ref="configurable_chart_template_hp"/>
		    </record>
	    
		    <record id="chart_HP_24" model="account.account.template">
			    <field name="code">24</field>
			    <field name="parent_id" ref="chart_HP_2"/>
			    <field name="user_type_id" ref="aa_account.data_account_type_view"/>
			    <field name="name">Pendapatan Diluar Usaha</field>
			    <field name="reconcile" eval="False"/>
			    <field name="chart_template_id" ref="configurable_chart_template_hp"/>
		    </record>
	    
		    <record id="chart_HP_24001" model="account.account.template">
			    <field name="code">24001</field>
			    <field name="parent_id" ref="chart_HP_24"/>
			    <field name="user_type_id" ref="account.data_account_type_expenses"/>
			    <field name="name">Pendapatan Bunga Bank</field>
			    <field name="reconcile" eval="False"/>
			    <field name="chart_template_id" ref="configurable_chart_template_hp"/>
		    </record>
	    
		    <record id="chart_HP_24002" model="account.account.template">
			    <field name="code">24002</field>
			    <field name="parent_id" ref="chart_HP_24"/>
			    <field name="user_type_id" ref="account.data_account_type_expenses"/>
			    <field name="name">Pendapatan Lain Lain</field>
			    <field name="reconcile" eval="False"/>
			    <field name="chart_template_id" ref="configurable_chart_template_hp"/>
		    </record>
	    
		    <record id="chart_HP_25" model="account.account.template">
			    <field name="code">25</field>
			    <field name="parent_id" ref="chart_HP_2"/>
			    <field name="user_type_id" ref="aa_account.data_account_type_view"/>
			    <field name="name">Beban Diluar Usaha</field>
			    <field name="reconcile" eval="False"/>
			    <field name="chart_template_id" ref="configurable_chart_template_hp"/>
		    </record>
	    
		    <record id="chart_HP_25001" model="account.account.template">
			    <field name="code">25001</field>
			    <field name="parent_id" ref="chart_HP_25"/>
			    <field name="user_type_id" ref="account.data_account_type_expenses"/>
			    <field name="name">Beban Adm Bank</field>
			    <field name="reconcile" eval="False"/>
			    <field name="chart_template_id" ref="configurable_chart_template_hp"/>
		    </record>
	    
		    <record id="chart_HP_25002" model="account.account.template">
			    <field name="code">25002</field>
			    <field name="parent_id" ref="chart_HP_25"/>
			    <field name="user_type_id" ref="account.data_account_type_expenses"/>
			    <field name="name">Beban Pajak Final</field>
			    <field name="reconcile" eval="False"/>
			    <field name="chart_template_id" ref="configurable_chart_template_hp"/>
		    </record>
	    
		    <record id="chart_HP_25003" model="account.account.template">
			    <field name="code">25003</field>
			    <field name="parent_id" ref="chart_HP_25"/>
			    <field name="user_type_id" ref="account.data_account_type_expenses"/>
			    <field name="name">Beban Bunga Pinjaman Bank</field>
			    <field name="reconcile" eval="False"/>
			    <field name="chart_template_id" ref="configurable_chart_template_hp"/>
		    </record>
	    
		    <record id="chart_HP_25004" model="account.account.template">
			    <field name="code">25004</field>
			    <field name="parent_id" ref="chart_HP_25"/>
			    <field name="user_type_id" ref="account.data_account_type_expenses"/>
			    <field name="name">Beban Adm Pinj Bank</field>
			    <field name="reconcile" eval="False"/>
			    <field name="chart_template_id" ref="configurable_chart_template_hp"/>
		    </record>
	    	    	
        	
        	
        	                
        


        <!-- chart template -->
        <record id="configurable_chart_template_hp" model="account.chart.template">
            <field name="property_account_receivable_id" ref="chart_HP_1113001"/>
            <field name="property_account_payable_id" ref="chart_HP_121001"/>
            <field name="property_account_expense_categ_id" ref="chart_HP_23014"/>
            <field name="property_account_income_categ_id" ref="chart_HP_21001"/>
            <field name="complete_tax_set" eval="False"/>
            <field name="use_anglo_saxon" eval="True"/>
            <field name="property_stock_account_input_categ_id" ref="chart_HP_1114001"/>
            <field name="property_stock_account_output_categ_id" ref="chart_HP_22001"/>
            <field name="property_stock_valuation_account_id" ref="chart_HP_22001"/>
            <field name="income_currency_exchange_account_id" ref="chart_HP_22001"/>
            <field name="expense_currency_exchange_account_id" ref="chart_HP_22001"/>
        </record>

        <!-- Tax template for sale and purchase -->
        <record id="sale_tax_template" model="account.tax.template">
            <field name="chart_template_id" ref="configurable_chart_template_hp"/>
            <field name="name">PPN IN 10%</field>
            <field name="amount">10</field>
            <field name="type_tax_use">sale</field>
            <field name="account_id" ref="chart_HP_123002"/>
            <field name="refund_account_id" ref="chart_HP_123002"/>
        </record>

       <record id="purchase_tax_template" model="account.tax.template">
            <field name="chart_template_id" ref="configurable_chart_template_hp"/>
            <field name="name">PPN OUT 10%</field>
            <field name="amount">10</field>
            <field name="type_tax_use">purchase</field>
            <field name="account_id" ref="chart_HP_123001"/>
            <field name="refund_account_id" ref="chart_HP_123001"/>
        </record>

    </data>
</openerp>
