<?xml version="1.0" encoding="utf-8"?>
<openerp>
    <data>
        <report auto="False"
                id="account_move_report_webkit"
                model="account.move"
                name="account.move.report.webkit"
                file="account_move_report/report/account_move_report_html.mako"
                string="Report Journal Entries"
                report_type="webkit"
                attachment_use="1"/>
        
        <record id="property_account_move_report_webkit" model="ir.property">
            <field name="name">webkit_header</field>
            <field name="fields_id" ref="report_webkit.field_ir_act_report_xml_webkit_header"/>
            <field eval="'ir.header_webkit,'+str(ref('account_move_report.ir_header_webkit_account_move'))" model="ir.header_webkit" name="value"/>
            <field eval="'ir.actions.report.xml,'+str(ref('account_move_report.account_move_report_webkit'))" model="ir.actions.report.xml" name="res_id"/>
        </record>
        
    </data>
</openerp> 
