<?xml version="1.0" ?>
<openerp>
    <data noupdate="1">
        <record id="ir_header_webkit_account_move" model="ir.header_webkit">
            <field name="footer_html"><![CDATA[<html>
    <head>
        <meta content="text/html; charset=UTF-8" http-equiv="content-type"/>
        <script>
            function subst() {
            var vars={};
            var x=document.location.search.substring(1).split('&');
            for(var i in x) {var z=x[i].split('=',2);vars[z[0]] = unescape(z[1]);}
            var x=['frompage','topage','page','webpage','section','subsection','subsubsection'];
            for(var i in x) {
            var y = document.getElementsByClassName(x[i]);
            for(var j=0; j<y.length; ++j) y[j].textContent = vars[x[i]];
                }
            }
        </script>
    </head>
    <body style="border:0; margin: 0;" onload="subst()">
        <table style="border-top: 1px solid black; width: 100%">
            <tr >
                <td style="text-align:right;font-size:9;" width="35%">Generado con software libre en OpenERP y Webkit por http://www.vauxoo.com</td>
                <td style="text-align:right;font-size:12;" width="55%">Page <span class="page"/></td><td style="text-align:left;font-size:12;">  of <span class="topage"/></td>
            </tr>
        </table>
    </body>
</html>]]></field>
            <field name="orientation">Landscape</field>
            <field name="format">Letter</field>
            <field name="html"><![CDATA[<html>
    <head>
        <meta content="text/html; charset=UTF-8" http-equiv="content-type"/>
        <script>
            function subst() {
            var vars={};
            var x=document.location.search.substring(1).split('&');
            for(var i in x) {var z=x[i].split('=',2);vars[z[0]] = unescape(z[1]);}
            var x=['frompage','topage','page','webpage','section','subsection','subsubsection'];
            for(var i in x) {
            var y = document.getElementsByClassName(x[i]);
            for(var j=0; j<y.length; ++j) y[j].textContent = vars[x[i]];
                }
            }
        </script>
        <style type="text/css">
            ${css}
        </style>
    </head>
    <body style="border:0; margin: 0;" onload="subst()">
        ${_debug or ''|n} </body>
</html>]]>
</field>
            <field eval="0.0" name="margin_top"/>
            <field name="css" ><![CDATA[



table {
    border-collapse: separated;

}table, .th, .td {
    border: 2px solid white;
}
    table.basic_table{
    text-align:left;
    }

    .dest_address {
    font-size:12pt;
    margin-left:0;
    text-align:left;
    line-height:80%;
    padding-top:0px
    }

    .prueba{
    color:black;
    background-color:#dcdcdc;
    }


    .celdaTotalTitulo{
    font-size:11pt;
    text-align:left;
    font-weight:bold;
    font-family:Arial,Helvetica,sans-serif;
    background-color:#dcdcdc;
    }

    .celdaTotal{
    font-size:8pt;
    font-style:normal;
    font-family: FreeMono;
    text-align:right;
    font-weight:bold;
    background-color:#dcdcdc;
    }

    .celdaDetailTitulo{
    font-style:italic;
    font-size:11pt;
    text-align:left;
    font-family:Arial,Helvetica,sans-serif;
    }

    .celdaDetail{
    font-size:5pt;
    font-family: monospace;
    background-color:#F5F5F5;
    text-align:left;
    }

    .celdaAbstractTotal{
    font-size:11pt;
    text-align:left;
    font-family:Arial,Helvetica,sans-serif;
    }

    .celdaTituloTabla{
    font-size:8pt;
    text-align:left;
    font-family:Arial,Helvetica,sans-serif;
    background-color:#620400;
    color:#FFFFFF;
    }


    .celdaAbstract{
    font-size:10pt;
    font-family: monospace;
    text-align:right;
    background-color:#EAEAEA;
    }

    div.td_company
    {
    font-size:12pt;
    margin-left:0;
    font-weight:bold;
    font-family:Arial,Helvetica,sans-serif;
    }

    div.td_company_title
    {
    font-size:22pt;
    margin-left:0;
    font-weight:bold;
    font-family:Arial,Helvetica,sans-serif;
    }

]]> </field>
            <field name="name">Poliza</field>
        </record>
        <record id="ir_header_img_companylogo0" model="ir.header_img">
            <field eval="&quot;&quot;&quot;jpg&quot;&quot;&quot;" name="type"/>
            <field eval="&quot;&quot;&quot;company_logo&quot;&quot;&quot;" name="name"/>
        </record>
    </data>
</openerp>
